subject_id,model_name,roc_auc,f1_seizure,recall_seizure,precision_seizure,accuracy
sub-001,ECG_Only,0.8398560503823661,0.22666666666666666,0.26666666666666666,0.25,0.9516666666666667
sub-001,EEG_Only,0.9439496176338282,0.6755555555555556,0.7333333333333333,0.7,0.9733333333333333
sub-001,Fused_EEG_ECG,0.9448268106162843,0.5644444444444444,0.5666666666666667,0.6444444444444444,0.975
sub-002,ECG_Only,0.8872960372960373,0.4910413839910121,0.5435897435897435,0.46716814832913905,0.9137724550898203
sub-002,EEG_Only,0.9943722943722944,0.9115655294046099,0.9282051282051282,0.9009632034632034,0.9860279441117765
sub-002,Fused_EEG_ECG,0.9915584415584415,0.9271268484601818,0.9435897435897436,0.9144566544566544,0.9884231536926148
sub-004,ECG_Only,0.8553535353535353,0.5885714285714286,0.711111111111111,0.5577777777777778,0.8153846153846155
sub-004,EEG_Only,0.8292929292929293,0.6050793650793651,0.6222222222222222,0.66,0.8512820512820514
sub-004,Fused_EEG_ECG,0.8638383838383838,0.6307936507936508,0.6555555555555556,0.698888888888889,0.8717948717948718
sub-005,ECG_Only,0.872962962962963,0.40444444444444444,0.5666666666666667,0.36111111111111105,0.7919191919191919
sub-005,EEG_Only,0.9325925925925926,0.5377777777777778,0.5333333333333333,0.5888888888888889,0.8747474747474747
sub-005,Fused_EEG_ECG,0.962962962962963,0.7333333333333333,0.7,0.8333333333333334,0.9409090909090909
sub-011,ECG_Only,0.8985185185185185,0.5264694564694564,0.7777777777777778,0.4115079365079365,0.8111111111111111
sub-011,EEG_Only,1.0,1.0,1.0,1.0,1.0
sub-011,Fused_EEG_ECG,1.0,1.0,1.0,1.0,1.0
sub-012,ECG_Only,0.9972222222222222,0.9422222222222222,1.0,0.9111111111111111,0.9871794871794872
sub-012,EEG_Only,0.9857487922705314,0.7688888888888888,0.9,0.7277777777777777,0.9581538461538462
sub-012,Fused_EEG_ECG,0.9985507246376811,0.8844444444444444,0.9,0.9222222222222223,0.9818461538461539
sub-014,ECG_Only,0.9111111111111111,0.3333333333333333,0.4,0.3,0.9166666666666666
sub-014,EEG_Only,0.9606060606060606,0.6,0.7333333333333333,0.5444444444444444,0.911965811965812
sub-014,Fused_EEG_ECG,0.9606060606060606,0.6,0.6,0.6,0.9427350427350427
sub-015,ECG_Only,0.8010416666666667,0.5695767195767195,0.6166666666666667,0.6155555555555555,0.9319943622269203
sub-015,EEG_Only,0.9616666666666667,0.9004761904761905,0.8722222222222222,0.9733333333333333,0.9876321353065539
sub-015,Fused_EEG_ECG,0.9751388888888889,0.9076190476190475,0.8722222222222222,0.9833333333333333,0.9891825229034531
sub-016,ECG_Only,0.8857142857142858,0.6288888888888889,0.8333333333333334,0.538888888888889,0.836111111111111
sub-016,EEG_Only,0.9952380952380953,0.9155555555555556,1.0,0.8666666666666667,0.961111111111111
sub-016,Fused_EEG_ECG,1.0,0.9155555555555556,1.0,0.8666666666666667,0.961111111111111
sub-018,ECG_Only,0.8406060606060606,0.4857142857142857,0.6666666666666666,0.4222222222222222,0.8757575757575757
sub-018,EEG_Only,0.98,0.8444444444444444,1.0,0.7777777777777778,0.9525252525252526
sub-018,Fused_EEG_ECG,0.9866666666666667,0.7444444444444444,0.8666666666666667,0.6888888888888889,0.9525252525252524
sub-021,ECG_Only,0.8594152046783626,0.7122222222222222,0.711111111111111,0.7611111111111111,0.9147562582345191
sub-021,EEG_Only,0.9599707602339181,0.8406349206349206,0.8555555555555556,0.8666666666666667,0.952832674571805
sub-021,Fused_EEG_ECG,0.9632456140350878,0.8342857142857143,0.8555555555555556,0.8444444444444444,0.9499341238471674
sub-022,ECG_Only,0.71565065681445,0.33756500580029986,0.38333333333333336,0.33062271062271065,0.8294823232323232
sub-022,EEG_Only,0.9658866995073893,0.5865800865800865,0.5666666666666667,0.6558730158730159,0.9168560606060606
sub-022,Fused_EEG_ECG,0.9398399014778325,0.5177922077922078,0.5,0.6030158730158729,0.9066287878787879
sub-024,ECG_Only,0.7592361111111111,0.5815873015873015,0.7,0.5844444444444445,0.9089324618736383
sub-024,EEG_Only,0.9559722222222222,0.8644444444444445,0.8666666666666667,0.8777777777777778,0.9808278867102396
sub-024,Fused_EEG_ECG,0.9359722222222222,0.8644444444444445,0.8666666666666667,0.8777777777777778,0.9810457516339869
sub-026,ECG_Only,0.7898117386489479,0.23333333333333334,0.36666666666666664,0.1841269841269841,0.917070707070707
sub-026,EEG_Only,1.0,0.9733333333333333,1.0,0.9555555555555556,0.996969696969697
sub-026,Fused_EEG_ECG,1.0,0.9288888888888889,0.9333333333333333,0.9555555555555556,0.993939393939394
sub-028,ECG_Only,0.5142857142857142,0.07777777777777777,0.06666666666666667,0.1,0.8744444444444445
sub-028,EEG_Only,0.9857142857142858,0.84,0.9333333333333333,0.788888888888889,0.9658333333333334
sub-028,Fused_EEG_ECG,0.9857142857142858,0.7733333333333333,0.8666666666666667,0.7222222222222222,0.961388888888889
sub-029,ECG_Only,0.6316017316017316,0.17777777777777776,0.23333333333333334,0.16666666666666666,0.9130434782608695
sub-029,EEG_Only,0.9936507936507937,0.7644444444444445,0.8666666666666667,0.711111111111111,0.9710144927536232
sub-029,Fused_EEG_ECG,0.9936507936507937,0.8444444444444444,0.8666666666666667,0.8333333333333334,0.9855072463768116
sub-030,ECG_Only,0.7562611408199643,0.437989417989418,0.4166666666666667,0.5155555555555555,0.8911332385016596
sub-030,EEG_Only,0.9561942959001782,0.6184944684944684,0.6833333333333333,0.6026984126984127,0.9110953058321479
sub-030,Fused_EEG_ECG,0.9497920380273321,0.5580952380952381,0.5166666666666667,0.7144444444444444,0.914556661925083
sub-031,ECG_Only,0.8766666666666667,0.44666666666666666,0.5666666666666667,0.3888888888888889,0.8681818181818183
sub-031,EEG_Only,0.8066666666666666,0.5136507936507937,0.6,0.4711111111111111,0.8949494949494949
sub-031,Fused_EEG_ECG,0.9066666666666666,0.4111111111111111,0.43333333333333335,0.43333333333333335,0.901010101010101
sub-034,ECG_Only,0.9812962962962963,0.5399999999999999,0.6333333333333333,0.5333333333333333,0.9682392846130127
sub-034,EEG_Only,1.0,0.8755555555555555,0.9,0.9111111111111111,0.9913660191181005
sub-034,Fused_EEG_ECG,1.0,0.9333333333333333,0.9,1.0,0.9956830095590502
sub-036,ECG_Only,0.7,0.6711111111111111,0.9666666666666667,0.5666666666666667,0.7033333333333334
sub-036,EEG_Only,0.85,0.5644444444444444,0.6,0.5666666666666667,0.77
sub-036,Fused_EEG_ECG,0.8166666666666667,0.5933333333333334,0.7666666666666667,0.5444444444444444,0.73
sub-037,ECG_Only,1.0,0.9555555555555556,0.9333333333333333,1.0,0.9833333333333333
sub-037,EEG_Only,1.0,0.9580952380952381,1.0,0.9377777777777777,0.9666666666666667
sub-037,Fused_EEG_ECG,1.0,1.0,1.0,1.0,1.0
sub-040,ECG_Only,0.7819499341238472,0.28698412698412695,0.3333333333333333,0.32111111111111107,0.8962560386473429
sub-040,EEG_Only,1.0,0.9511111111111111,1.0,0.9222222222222222,0.9916666666666667
sub-040,Fused_EEG_ECG,1.0,0.9511111111111111,1.0,0.9222222222222222,0.9916666666666667
sub-044,ECG_Only,0.9849206349206349,0.8200000000000001,0.9333333333333333,0.7666666666666667,0.9148148148148147
sub-044,EEG_Only,0.9849206349206349,0.84,0.9,0.8222222222222223,0.9361111111111111
sub-044,Fused_EEG_ECG,0.9904761904761905,0.8844444444444444,0.9666666666666667,0.8555555555555556,0.9444444444444444
sub-046,ECG_Only,0.9357142857142857,0.7088888888888889,0.8333333333333334,0.6666666666666666,0.8976190476190475
sub-046,EEG_Only,1.0,0.8222222222222223,0.8666666666666667,0.8333333333333334,0.9488095238095239
sub-046,Fused_EEG_ECG,1.0,1.0,1.0,1.0,1.0
sub-050,ECG_Only,0.9428571428571428,0.8111111111111111,1.0,0.7333333333333333,0.9154761904761906
sub-050,EEG_Only,1.0,1.0,1.0,1.0,1.0
sub-050,Fused_EEG_ECG,1.0,0.9333333333333333,1.0,0.9,0.9738095238095238
sub-052,ECG_Only,0.8536075036075036,0.6641358933464196,0.7178571428571429,0.6476286676286677,0.8014778325123153
sub-052,EEG_Only,0.9955215419501133,0.9742508798391152,0.9738095238095238,0.9768518518518519,0.9861247947454843
sub-052,Fused_EEG_ECG,0.9963151927437642,0.9742508798391152,0.9738095238095238,0.9768518518518519,0.9861247947454843
sub-053,ECG_Only,0.81875,0.31111111111111106,0.43333333333333335,0.25,0.8
sub-053,EEG_Only,0.9041666666666667,0.3222222222222222,0.3333333333333333,0.3555555555555555,0.8622222222222222
sub-053,Fused_EEG_ECG,0.8541666666666666,0.31111111111111106,0.3,0.3333333333333333,0.8851851851851852
sub-055,ECG_Only,0.9328483245149911,0.8585569985569986,0.9031746031746032,0.8229365079365079,0.9256666666666666
sub-055,EEG_Only,0.9543209876543209,0.8123711582535111,0.7857142857142858,0.8638095238095238,0.9093333333333333
sub-055,Fused_EEG_ECG,0.9639329805996473,0.8725452325452326,0.9031746031746032,0.8507142857142858,0.9338888888888889
sub-056,ECG_Only,0.8186862565044384,0.7095034205560521,0.7109090909090909,0.7254228179228179,0.8879437229437229
sub-056,EEG_Only,0.9743979185797368,0.9115629653844757,0.9006060606060606,0.9295117845117845,0.9674675324675325
sub-056,Fused_EEG_ECG,0.9695365779002143,0.9012448556613316,0.8878787878787879,0.9237542087542088,0.9638744588744589
sub-060,ECG_Only,0.8967898193760263,0.7190197242371156,0.7684848484848484,0.6893868168868169,0.8401282051282052
sub-060,EEG_Only,0.957653381101657,0.926415027467659,0.8878787878787879,0.9738047138047139,0.9626495726495726
sub-060,Fused_EEG_ECG,0.9830482161516644,0.929351155666945,0.8878787878787879,0.9791245791245792,0.9644017094017094
sub-064,ECG_Only,0.9566666666666667,0.49777777777777776,0.5666666666666667,0.5,0.9176046176046175
sub-064,EEG_Only,0.985,0.82,0.9,0.8333333333333334,0.9691197691197692
sub-064,Fused_EEG_ECG,0.9866666666666667,0.8311111111111111,0.8,0.9444444444444444,0.9756132756132756
sub-066,ECG_Only,0.6955337690631808,0.07904761904761905,0.06111111111111111,0.12222222222222222,0.922783389450056
sub-066,EEG_Only,0.8369364839953075,0.3222222222222222,0.23888888888888887,0.5333333333333333,0.9546801346801347
sub-066,Fused_EEG_ECG,0.8319842466901289,0.12000000000000001,0.08888888888888888,0.2,0.9461279461279462
sub-068,ECG_Only,0.8946881091617933,0.7044444444444444,0.9,0.6333333333333333,0.9461403508771931
sub-068,EEG_Only,1.0,0.9777777777777777,0.9666666666666667,1.0,0.9966666666666666
sub-068,Fused_EEG_ECG,1.0,0.9333333333333333,0.9,1.0,0.99
sub-070,ECG_Only,0.7939487179487179,0.4244444444444444,0.5666666666666667,0.36666666666666664,0.928395061728395
sub-070,EEG_Only,0.9626666666666667,0.7162962962962962,0.9,0.6912698412698413,0.9530864197530864
sub-070,Fused_EEG_ECG,0.9613333333333334,0.7585185185185186,0.9,0.7412698412698412,0.9629629629629629
sub-071,ECG_Only,0.6723660202272964,0.0643140637897671,0.07619047619047618,0.056887464387464386,0.8931506849315068
sub-071,EEG_Only,0.9699274741697326,0.8347694462400345,0.7952380952380953,0.8992063492063491,0.9840182648401826
sub-071,Fused_EEG_ECG,0.9713221658697886,0.8278294581235758,0.7607142857142858,0.9306878306878307,0.9840182648401826
sub-072,ECG_Only,0.6831558370474627,0.2611268199205741,0.2962233169129721,0.23654147382554414,0.8013443034117412
sub-072,EEG_Only,0.9959023379466729,0.9657241472425985,0.9602627257799672,0.971940392926674,0.991894330954139
sub-072,Fused_EEG_ECG,0.9955403080772539,0.9606108494182778,0.9507389162561577,0.971599822471161,0.9907738827748673
sub-073,ECG_Only,0.521906724245355,0.211852484227211,0.24176979096530535,0.1887366502347613,0.6999890880128472
sub-073,EEG_Only,0.9998700586334933,0.9968020738028657,0.9936422805754839,1.0,0.998937453353956
sub-073,Fused_EEG_ECG,0.9997685443710366,0.9940466183102301,0.9886435575367803,0.9995386389850058,0.9980265509174928
sub-074,ECG_Only,0.5994775795862753,0.0,0.0,0.0,0.9543035993740219
sub-074,EEG_Only,0.9949281555803294,0.8673208273208274,0.8200000000000001,0.9477777777777778,0.9943661971830987
sub-074,Fused_EEG_ECG,0.9922536025434575,0.7699999999999999,0.6711111111111111,0.9333333333333333,0.9909233176838811
sub-075,ECG_Only,0.5527777777777777,0.18222222222222223,0.16666666666666666,0.2222222222222222,0.8975438596491228
sub-075,EEG_Only,1.0,0.9288888888888889,1.0,0.888888888888889,0.9863157894736841
sub-075,Fused_EEG_ECG,1.0,0.9555555555555556,0.9666666666666667,0.9666666666666667,0.9931578947368421
sub-076,ECG_Only,0.5522792022792022,0.0857142857142857,0.08888888888888888,0.1,0.8591133004926108
sub-076,EEG_Only,1.0,0.9666666666666667,0.9555555555555556,1.0,0.9954022988505747
sub-076,Fused_EEG_ECG,1.0,0.9666666666666667,0.9555555555555556,1.0,0.9954022988505747
sub-077,ECG_Only,0.638888888888889,0.13810495318235255,0.13333333333333333,0.14796536796536797,0.7547169811320754
sub-077,EEG_Only,0.997962962962963,0.8983594607433616,0.9333333333333333,0.8777441077441078,0.9672955974842767
sub-077,Fused_EEG_ECG,0.9981481481481482,0.8944378921159106,0.9333333333333333,0.8703367003367003,0.9660377358490566
sub-078,ECG_Only,0.9443019943019944,0.7785714285714286,0.7777777777777778,0.8233333333333334,0.9188888888888889
sub-078,EEG_Only,0.9874643874643875,0.8538095238095238,0.8666666666666667,0.8566666666666667,0.9438888888888889
sub-078,Fused_EEG_ECG,0.9891737891737892,0.8696825396825396,0.9111111111111111,0.8511111111111112,0.948888888888889
sub-079,ECG_Only,0.7606751620836127,0.09386243386243386,0.1111111111111111,0.08333333333333333,0.943736887572504
sub-079,EEG_Only,0.9302839257768836,0.6371428571428571,0.5444444444444444,0.8277777777777777,0.9809329877823029
sub-079,Fused_EEG_ECG,0.9294612117147328,0.46444444444444444,0.3555555555555555,0.7333333333333333,0.9773047019622362
sub-080,ECG_Only,0.7210227272727272,0.16185666185666184,0.19444444444444445,0.1461111111111111,0.8492063492063492
sub-080,EEG_Only,1.0,0.9378306878306879,1.0,0.8933333333333333,0.9868253968253968
sub-080,Fused_EEG_ECG,1.0,0.9738095238095238,1.0,0.9566666666666667,0.9943915343915344
sub-081,ECG_Only,0.46839147286821703,0.014814814814814814,0.016666666666666666,0.013333333333333334,0.8304656182547024
sub-081,EEG_Only,1.0,1.0,1.0,1.0,1.0
sub-081,Fused_EEG_ECG,1.0,1.0,1.0,1.0,1.0
sub-082,ECG_Only,0.8694949494949495,0.6288023088023088,0.7611111111111111,0.5747619047619048,0.8238095238095239
sub-082,EEG_Only,0.7929292929292929,0.5874603174603175,0.5555555555555555,0.7133333333333333,0.8380952380952381
sub-082,Fused_EEG_ECG,0.8522727272727272,0.6457671957671958,0.6166666666666667,0.7144444444444444,0.8714285714285714
sub-084,ECG_Only,0.7475313449482712,0.24947291502438926,0.3111111111111111,0.2129247745718334,0.8173996265172736
sub-084,EEG_Only,0.9996903965232106,0.9393536833536834,1.0,0.8885347985347986,0.9866059757236229
sub-084,Fused_EEG_ECG,0.9996389561939926,0.9368921448921449,1.0,0.8841391941391942,0.986045751633987
sub-085,ECG_Only,0.6915064102564102,0.0,0.0,0.0,0.9174603174603175
sub-085,EEG_Only,0.9600000000000001,0.8577777777777779,0.9333333333333333,0.8111111111111111,0.9871080139372822
sub-085,Fused_EEG_ECG,0.9532905982905983,0.8177777777777777,0.8,0.888888888888889,0.9871467286101433
sub-086,ECG_Only,0.6494756549443319,0.10434941536695923,0.12666666666666665,0.09077044959397901,0.8081984897518878
sub-086,EEG_Only,0.9992753623188406,0.9574269005847954,0.9733333333333333,0.9430303030303031,0.9915096135541596
sub-086,Fused_EEG_ECG,0.9991232490087095,0.9608563893393615,0.951851851851852,0.9738047138047139,0.9928231486769464
sub-087,ECG_Only,0.4785474992309891,0.12123441428040328,0.19595959595959597,0.08780285767158344,0.744004920326581
sub-087,EEG_Only,1.0,1.0,1.0,1.0,1.0
sub-087,Fused_EEG_ECG,1.0,1.0,1.0,1.0,1.0
sub-089,ECG_Only,0.6302278977061585,0.0057998423955870765,0.012121212121212121,0.003812636165577342,0.8736541852504927
sub-089,EEG_Only,1.0,1.0,1.0,1.0,1.0
sub-089,Fused_EEG_ECG,1.0,1.0,1.0,1.0,1.0
sub-090,ECG_Only,0.6090525243913991,0.32206217785568136,0.37477777777777777,0.2864708348941587,0.5930964625214276
sub-090,EEG_Only,1.0,0.9932460927633464,0.9972222222222222,0.9895384615384616,0.9964001870032726
sub-090,Fused_EEG_ECG,0.9998382352941176,0.9847956232138245,0.9806666666666667,0.9893247863247864,0.9920601527193393
sub-091,ECG_Only,0.6830952380952381,0.41673770673770677,0.4928571428571428,0.381691685221097,0.7383594120436227
sub-091,EEG_Only,1.0,0.9733333333333333,0.9619047619047619,1.0,0.9927927927927928
sub-091,Fused_EEG_ECG,1.0,0.9733333333333333,0.9619047619047619,1.0,0.9927927927927928
sub-092,ECG_Only,0.6234921664145067,0.038765619451752185,0.062037037037037036,0.02836369369651103,0.851937984496124
sub-092,EEG_Only,0.9894007598051441,0.9411286385899389,0.9703703703703703,0.9186363636363636,0.9934108527131783
sub-092,Fused_EEG_ECG,0.9926900967629309,0.9106436024702279,0.9398148148148148,0.8917676767676768,0.9903100775193798
sub-094,ECG_Only,0.7507446415373245,0.37122740005092947,0.37757575757575756,0.37318255818255813,0.7487430869783811
sub-094,EEG_Only,0.9941278640059128,0.917456520088099,0.9090909090909091,0.9308210308210308,0.9673705379587733
sub-094,Fused_EEG_ECG,0.9886474501108647,0.9106881939147385,0.9024242424242425,0.9258715358715359,0.964756158873806
sub-099,ECG_Only,0.9094017094017094,0.5142857142857143,0.6666666666666666,0.4822222222222222,0.8133333333333332
sub-099,EEG_Only,0.972079772079772,0.8126984126984127,0.8555555555555556,0.8388888888888889,0.9422222222222222
sub-099,Fused_EEG_ECG,0.9764957264957265,0.8326984126984127,0.8555555555555556,0.8944444444444444,0.9511111111111111
sub-100,ECG_Only,0.9407222222222222,0.5333333333333333,0.5,0.711111111111111,0.9505641025641026
sub-100,EEG_Only,1.0,0.9511111111111111,1.0,0.9222222222222223,0.9922051282051283
sub-100,Fused_EEG_ECG,1.0,0.9866666666666667,1.0,0.9777777777777777,0.9974358974358974
sub-101,ECG_Only,0.7863076923076924,0.04444444444444444,0.03333333333333333,0.06666666666666667,0.9259259259259259
sub-101,EEG_Only,0.8529230769230769,0.4555555555555556,0.6,0.42777777777777776,0.9407407407407408
sub-101,Fused_EEG_ECG,0.8813846153846153,0.4755555555555555,0.6,0.46111111111111114,0.945679012345679
sub-102,ECG_Only,0.9191919191919191,0.5777777777777777,0.6666666666666666,0.5333333333333333,0.9252136752136751
sub-102,EEG_Only,0.9772727272727272,0.5666666666666667,0.8,0.4666666666666667,0.9106837606837607
sub-102,Fused_EEG_ECG,0.9772727272727272,0.6222222222222221,0.8,0.5444444444444444,0.9367521367521368
sub-104,ECG_Only,0.6828282828282828,0.10444444444444444,0.2,0.07222222222222222,0.8465811965811966
sub-104,EEG_Only,1.0,0.9333333333333333,1.0,0.9,0.9833333333333333
sub-104,Fused_EEG_ECG,0.993939393939394,0.9,0.9333333333333333,0.888888888888889,0.9833333333333333
sub-106,ECG_Only,0.826388888888889,0.45555555555555555,0.5333333333333333,0.45555555555555555,0.8525925925925926
sub-106,EEG_Only,0.9800925925925926,0.8088888888888889,0.9333333333333333,0.7555555555555554,0.9422222222222222
sub-106,Fused_EEG_ECG,0.9800925925925926,0.7533333333333334,0.8666666666666667,0.7,0.9422222222222222
sub-109,ECG_Only,0.8635087719298246,0.5802849002849002,0.6033333333333334,0.6122222222222222,0.8416666666666667
sub-109,EEG_Only,0.9667105263157895,0.7905772005772005,0.8,0.8044444444444444,0.925
sub-109,Fused_EEG_ECG,0.969780701754386,0.8217412217412218,0.7833333333333333,0.8922222222222221,0.9416666666666667
sub-110,ECG_Only,0.7130952380952381,0.5311111111111111,0.6666666666666666,0.4888888888888889,0.8796296296296297
sub-110,EEG_Only,0.9833333333333333,0.8444444444444444,0.8333333333333334,0.8666666666666667,0.9777777777777777
sub-110,Fused_EEG_ECG,0.9833333333333333,0.6888888888888888,0.6666666666666666,0.7333333333333333,0.9555555555555555
sub-111,ECG_Only,0.7222222222222222,0.3771428571428571,0.5666666666666667,0.3422222222222222,0.8024242424242425
sub-111,EEG_Only,0.8222222222222223,0.6222222222222221,0.6,0.6666666666666666,0.9490909090909091
sub-111,Fused_EEG_ECG,0.8296296296296296,0.6666666666666666,0.6333333333333333,0.7333333333333333,0.9496969696969697
sub-112,ECG_Only,0.8404777777777778,0.6241828541828541,0.7222222222222222,0.5965934065934065,0.844367816091954
sub-112,EEG_Only,0.9964777777777779,0.9126651126651127,0.9600000000000001,0.8861111111111111,0.9659770114942529
sub-112,Fused_EEG_ECG,0.9947370370370371,0.9298368298368299,0.9600000000000001,0.9162698412698412,0.9728735632183908
sub-113,ECG_Only,0.9307151979565772,0.6446031746031746,0.8,0.5707936507936507,0.9274621212121212
sub-113,EEG_Only,1.0,0.9600000000000001,0.9333333333333333,1.0,0.9938131313131312
sub-113,Fused_EEG_ECG,1.0,0.9600000000000001,0.9333333333333333,1.0,0.9938131313131312
sub-114,ECG_Only,0.743544137022398,0.1711111111111111,0.26666666666666666,0.15555555555555553,0.9
sub-114,EEG_Only,0.7147233201581027,0.18888888888888886,0.2,0.2,0.9166666666666666
sub-114,Fused_EEG_ECG,0.783695652173913,0.26666666666666666,0.26666666666666666,0.3,0.9444444444444444
sub-115,ECG_Only,0.8169334684228301,0.2941155141155141,0.2777777777777778,0.33894660894660894,0.9506849315068493
sub-115,EEG_Only,0.989790611279973,0.9162626262626262,0.8555555555555556,1.0,0.9945205479452054
sub-115,Fused_EEG_ECG,0.9930124957784532,0.9162626262626262,0.8555555555555556,1.0,0.9945205479452054
sub-116,ECG_Only,0.695653714182804,0.20562477278232302,0.21414141414141413,0.20578968789495106,0.8720853568800588
sub-116,EEG_Only,0.9942446043165468,0.9441036451471234,0.9388888888888889,0.9571872571872572,0.9915967623252391
sub-116,Fused_EEG_ECG,0.9919028413632731,0.9406404416839199,0.9333333333333333,0.9571872571872572,0.9911552612214863
sub-119,ECG_Only,0.7493707912457913,0.31802472225393114,0.33055555555555555,0.36435897435897435,0.7940735365263668
sub-119,EEG_Only,0.9904082491582492,0.8590811997313546,0.9194444444444444,0.8221548821548822,0.9519593613933236
sub-119,Fused_EEG_ECG,0.9869149831649832,0.8422039639067502,0.8712962962962963,0.8341125541125541,0.9482583454281567
sub-121,ECG_Only,0.5675549450549451,0.2168837314502949,0.23452380952380952,0.21005772005772005,0.6313762626262627
sub-121,EEG_Only,1.0,0.971031746031746,0.9642857142857143,0.9851851851851853,0.9876262626262626
sub-121,Fused_EEG_ECG,0.9992380952380953,0.966031746031746,0.9547619047619047,0.9833333333333333,0.9855429292929293
sub-122,ECG_Only,0.5875,0.4804232804232804,0.5,0.48000000000000004,0.49523809523809526
sub-122,EEG_Only,0.9902777777777777,0.9263492063492064,0.9,0.9777777777777777,0.9309523809523809
sub-122,Fused_EEG_ECG,0.9722222222222222,0.9263492063492064,0.9,0.9777777777777777,0.9309523809523809
sub-123,ECG_Only,0.6828395061728395,0.29978835978835977,0.36666666666666664,0.29904761904761906,0.6621212121212121
sub-123,EEG_Only,1.0,1.0,1.0,1.0,1.0
sub-123,Fused_EEG_ECG,1.0,1.0,1.0,1.0,1.0
sub-124,ECG_Only,0.9672619047619048,0.8266666666666667,0.8333333333333334,0.8666666666666667,0.9414814814814815
sub-124,EEG_Only,0.9815476190476191,0.8044444444444444,0.8,0.8666666666666667,0.9214814814814816
sub-124,Fused_EEG_ECG,0.9767857142857144,0.8177777777777778,0.8,0.8888888888888888,0.9288888888888889
sub-125,ECG_Only,0.7079074074074074,0.46714285714285714,0.44333333333333336,0.5257142857142857,0.6612698412698413
sub-125,EEG_Only,0.9924074074074074,0.9073737373737373,0.89,0.9344444444444445,0.939047619047619
sub-125,Fused_EEG_ECG,0.9924074074074074,0.89996632996633,0.8766666666666667,0.9344444444444445,0.9346031746031745
